{"mu": 0.0009216707389324006, "std": 0.015017676698891176, "epoch": 50, "val_mse": 0.3932413487401727, "val_ma5": 0.4388353176721155, "history_train": [1.004368210405073, 0.767481516850622, 0.6820593952979601, 0.5700408658718114, 0.567988176783487, 0.5542537436099658, 0.5820195476724186, 0.5148178994732123, 0.5389253230853932, 0.5226541182961176, 0.5342401610412402, 0.5817111923391614, 0.5386168966703452, 0.5584841890879865, 0.562794421389412, 0.5387259515167354, 0.5726973182200161, 0.5012208576838991, 0.5290400041542249, 0.5135046417355078, 0.5405572133284631, 0.5778850716023451, 0.5027868104225864, 0.47411912404220735, 0.5203577269332553, 0.544951052353532, 0.5268116818312962, 0.5250925019632102, 0.5635184326588113, 0.4629471501352239, 0.5494794361245494, 0.5245724662813204, 0.545352294601127, 0.5214309473743182, 0.5120670632465201, 0.49717897586094095, 0.4858683598668952, 0.47797058884231364, 0.4975756883468187, 0.4692940965237452, 0.47118347198421445, 0.4682995829257794, 0.497794505816063, 0.5197019852477871, 0.4947591167282844, 0.4973902804095571, 0.48960599819717115, 0.5195571156995746, 0.5374889682131953, 0.47737205269554], "history_val": [0.8884456557770298, 0.5317189477077903, 0.4681745032741599, 0.5175710941014224, 0.45999156285638676, 0.6279152215343632, 0.6915334912195598, 0.44625624156978033, 0.5319064222786525, 0.49649943799188695, 0.6163149320915954, 0.5738266265555604, 0.44582525997945704, 0.5788365700473524, 0.7543881286496985, 0.43003918414246545, 0.4650380791050114, 0.5464316720831884, 0.4467400320588726, 0.5439323337927257, 0.5738005629957539, 0.6791904658487399, 0.5910790840240374, 0.5023034770194799, 0.594300239053491, 0.578974138383996, 0.5349877354216902, 0.39488590947569235, 0.42807239783953316, 0.480307937484898, 0.4982201824449513, 0.48538970049113445, 0.4523267647991442, 0.5361707349346109, 0.4852681115065535, 0.46961080293132834, 0.40343303059878416, 0.47661616785885536, 0.4684690588141141, 0.4619751609351537, 0.4396773519581311, 0.46795033265466557, 0.5882181957976459, 0.5469731778314669, 0.5322784026191659, 0.43013724888840765, 0.40483735134340315, 0.5111168239214648, 0.45484381546712904, 0.3932413487401727]}
