{"mu": 0.0009216707389324006, "std": 0.015017676698891176, "epoch": 15, "val_mse": 0.5100581703120715, "val_ma5": 0.4415784169549811, "history_train": [0.4705584306695495, 0.3014496699721578, 0.2779778476818841, 0.29911941222951716, 0.29243321393512484, 0.2625783251859104, 0.2900061963534937, 0.24567817895648109, 0.24659861316270792, 0.26810761773540365, 0.25208241589109154, 0.25318223073485574, 0.23694280746353452, 0.2606510193647867, 0.2459021618491725], "history_val": [0.6609239937507942, 0.5176169774303697, 0.546318477147246, 0.5104283276077819, 0.4627649155381608, 0.5500700432960302, 0.5408425502581139, 0.3758712798765261, 0.5610789460678623, 0.5101744156994231, 0.40841810670617507, 0.385467772614466, 0.5082161467369288, 0.39573188840526424, 0.5100581703120715]}
