{"mu": 0.0009216707389324006, "std": 0.015017676698891176, "epoch": 48, "val_mse": 0.3759095264624243, "val_ma5": 0.43276327080922583, "history_train": [0.21794855256059203, 0.18654195042339003, 0.18280721265483116, 0.1808698921056706, 0.1743110830827457, 0.17819258369821028, 0.1694027751359003, 0.15809245304287015, 0.16399628702498523, 0.17277608853938184, 0.16673378994513843, 0.17314518347325158, 0.16124691002176111, 0.16904207606906302, 0.15922344059938032, 0.16688342764495426, 0.16190305960499735, 0.16267759229543122, 0.16330240137961158, 0.16532644581657013, 0.159388249622842, 0.1582847377608156, 0.16063219532657497, 0.1597008190580449, 0.1563596057015757, 0.15431691255702593, 0.15609211070087664, 0.1578437746221508, 0.1576847796721697, 0.16559358511182248, 0.16041573981571564, 0.15883313220792925, 0.16307175037031454, 0.1524514570851381, 0.16169130951357438, 0.1489664631416311, 0.15201130790566603, 0.15284415649128205, 0.1596546471310213, 0.16399162189033126, 0.15358359807569041, 0.1592198184121099, 0.1564443133226255, 0.15887271529673305, 0.1630298038884825, 0.16205281855129613, 0.15496446693433263, 0.16058433790415028], "history_val": [0.5425540976328392, 0.5751738646259047, 0.5041382810840868, 0.5351885834785357, 0.5805153148631527, 0.591814882134738, 0.4344910146438912, 0.417965781198789, 0.4852708284169027, 0.606907844135206, 0.4933153986930847, 0.6322576550588216, 0.5638889760187228, 0.4364572534822438, 0.4980944476715506, 0.5417137488926926, 0.4603179717717105, 0.5327036237879975, 0.4980315484412729, 0.5116045050425072, 0.5256660058073801, 0.4711869530481835, 0.40533317605110064, 0.45217601567098537, 0.5632453854769877, 0.498610890074952, 0.40054957344107434, 0.4208676913013197, 0.46971982472563445, 0.6773217344937259, 0.40204435423628926, 0.5140672799659102, 0.43706131226395906, 0.6506256052892502, 0.5709354493715991, 0.46466243593660117, 0.5111876971101108, 0.5468234672938308, 0.5343659797759905, 0.47119050442355953, 0.3517040308207682, 0.4937319812709338, 0.5206352570285536, 0.34796646482323945, 0.5173560144150093, 0.469441439190956, 0.45314290915450006, 0.3759095264624243]}
